Actual,Predicted
Not placed,Placed
Placed,Not placed
Not placed,Not placed
Not placed,Not placed
Not placed,Not placed
Not placed,Not placed
Placed,Not placed
Not placed,Not placed
Not placed,Not placed
Not placed,Not placed
Not placed,Placed
Not placed,Not placed
Not placed,Not placed
Not placed,Not placed
Not placed,Not placed
Not placed,Not placed
Placed,Not placed
Not placed,Not placed
Not placed,Not placed
Not placed,Not placed
Not placed,Not placed
Not placed,Not placed
Not placed,Not placed
Not placed,Not placed
Not placed,Not placed
Not placed,Not placed
Not placed,Not placed
Not placed,Not placed
Not placed,Not placed
Not placed,Not placed
Not placed,Not placed
Not placed,Not placed
Not placed,Not placed
Not placed,Not placed
Not placed,Not placed
Not placed,Not placed
Not placed,Not placed
Not placed,Not placed
Not placed,Not placed
Not placed,Not placed
Not placed,Not placed
Not placed,Not placed
Not placed,Not placed
Not placed,Not placed
Not placed,Not placed
Not placed,Not placed
Not placed,Not placed
Not placed,Not placed
Placed,Not placed
Not placed,Not placed
Not placed,Not placed
Not placed,Not placed
Not placed,Not placed
Not placed,Not placed
Not placed,Not placed
Not placed,Not placed
Not placed,Not placed
Not placed,Not placed
Not placed,Not placed
Not placed,Placed
Not placed,Not placed
Not placed,Not placed
Not placed,Not placed
Not placed,Not placed
Placed,Not placed
Placed,Not placed
Not placed,Not placed
Not placed,Not placed
Not placed,Not placed
Not placed,Not placed
Not placed,Placed
Not placed,Not placed
Placed,Not placed
Not placed,Not placed
Not placed,Not placed
Not placed,Not placed
Not placed,Not placed
Placed,Not placed
Not placed,Not placed
Not placed,Not placed
Placed,Not placed
Not placed,Not placed
Not placed,Not placed
Not placed,Not placed
Not placed,Not placed
Not placed,Not placed
Not placed,Not placed
Placed,Not placed
Not placed,Not placed
Not placed,Not placed
Not placed,Not placed
Not placed,Not placed
Not placed,Not placed
Not placed,Not placed
Not placed,Not placed
Not placed,Not placed
Not placed,Not placed
Not placed,Not placed
Placed,Not placed
Placed,Not placed
Not placed,Not placed
Not placed,Not placed
Not placed,Not placed
Not placed,Not placed
Not placed,Not placed
Not placed,Not placed
Not placed,Not placed
Not placed,Not placed
Not placed,Not placed
Placed,Not placed
Not placed,Not placed
Not placed,Not placed
Not placed,Not placed
Not placed,Not placed
Not placed,Not placed
Not placed,Not placed
Not placed,Not placed
Not placed,Not placed
Not placed,Not placed
Not placed,Not placed
Not placed,Not placed
Not placed,Not placed
Not placed,Not placed
Placed,Not placed
Not placed,Not placed
Placed,Not placed
Not placed,Not placed
Not placed,Not placed
Not placed,Not placed
Not placed,Not placed
Not placed,Not placed
Not placed,Not placed
Not placed,Not placed
Not placed,Not placed
Not placed,Not placed
Not placed,Not placed
Not placed,Not placed
Not placed,Not placed
Not placed,Not placed
Not placed,Not placed
Not placed,Not placed
Not placed,Not placed
Not placed,Not placed
Not placed,Not placed
Not placed,Not placed
Not placed,Not placed
Not placed,Not placed
Not placed,Not placed
Not placed,Not placed
Not placed,Not placed
Not placed,Not placed
Not placed,Not placed
Not placed,Not placed
Not placed,Not placed
Not placed,Not placed
Not placed,Not placed
Not placed,Not placed
Not placed,Not placed
Not placed,Not placed
Not placed,Not placed
Not placed,Not placed
Not placed,Not placed
Not placed,Not placed
Not placed,Not placed
Not placed,Not placed
Not placed,Not placed
Not placed,Not placed
Not placed,Not placed
Not placed,Not placed
Not placed,Not placed
Not placed,Not placed
Not placed,Not placed
Not placed,Not placed
Not placed,Not placed
Not placed,Placed
Not placed,Not placed
Not placed,Not placed
Placed,Not placed
Not placed,Not placed
Not placed,Not placed
Not placed,Not placed
Not placed,Not placed
Not placed,Not placed
Not placed,Not placed
Not placed,Not placed
Not placed,Not placed
Not placed,Not placed
Not placed,Not placed
Not placed,Not placed
Not placed,Not placed
Not placed,Not placed
Not placed,Not placed
Not placed,Not placed
Not placed,Not placed
Placed,Not placed
Not placed,Not placed
Placed,Not placed
Not placed,Not placed
Not placed,Not placed
Not placed,Not placed
Not placed,Not placed
Not placed,Not placed
Not placed,Not placed
Not placed,Not placed
Not placed,Not placed
Not placed,Not placed
Not placed,Not placed
Not placed,Not placed
Not placed,Not placed
Not placed,Not placed
Not placed,Not placed
Not placed,Not placed
Not placed,Not placed
Not placed,Not placed
Not placed,Not placed
Not placed,Not placed
Not placed,Not placed
Not placed,Not placed
Not placed,Not placed
Not placed,Not placed
Not placed,Not placed
Not placed,Not placed
Not placed,Not placed
Not placed,Not placed
Not placed,Not placed
Not placed,Not placed
Not placed,Not placed
Not placed,Not placed
Not placed,Not placed
Not placed,Not placed
Not placed,Not placed
Not placed,Not placed
Not placed,Not placed
Not placed,Not placed
Placed,Not placed
Not placed,Not placed
Not placed,Not placed
Not placed,Not placed
Placed,Not placed
Not placed,Not placed
Not placed,Not placed
Not placed,Not placed
Not placed,Not placed
Not placed,Not placed
Not placed,Not placed
Not placed,Not placed
Not placed,Not placed
Not placed,Not placed
Not placed,Not placed
Not placed,Not placed
Not placed,Not placed
Not placed,Not placed
Not placed,Placed
Not placed,Not placed
Not placed,Not placed
Not placed,Not placed
Not placed,Not placed
Not placed,Not placed
Not placed,Not placed
Not placed,Not placed
Not placed,Not placed
Not placed,Not placed
Not placed,Not placed
Not placed,Not placed
Not placed,Not placed
Not placed,Not placed
Not placed,Not placed
Placed,Not placed
Not placed,Not placed
Not placed,Not placed
Not placed,Not placed
Placed,Placed
Not placed,Not placed
Placed,Not placed
Not placed,Not placed
Not placed,Not placed
Not placed,Not placed
Not placed,Not placed
Not placed,Not placed
Not placed,Not placed
Not placed,Not placed
Not placed,Not placed
Not placed,Not placed
Placed,Not placed
Not placed,Not placed
Not placed,Not placed
Not placed,Not placed
Not placed,Not placed
Not placed,Not placed
Not placed,Not placed
Not placed,Not placed
Not placed,Not placed
Not placed,Not placed
Not placed,Placed
Not placed,Not placed
Not placed,Not placed
Not placed,Not placed
Not placed,Not placed
Not placed,Not placed
Not placed,Not placed
Not placed,Not placed
Not placed,Not placed
Not placed,Not placed
Not placed,Not placed
Not placed,Not placed
Not placed,Not placed
Not placed,Not placed
Not placed,Not placed
Placed,Not placed
Not placed,Not placed
Not placed,Not placed
Not placed,Not placed
Placed,Not placed
Not placed,Not placed
Not placed,Not placed
Not placed,Not placed
Not placed,Not placed
Not placed,Not placed
Not placed,Not placed
Not placed,Not placed
Not placed,Not placed
Not placed,Not placed
Not placed,Not placed
Not placed,Not placed
Not placed,Not placed
Not placed,Not placed
Not placed,Not placed
Not placed,Not placed
Not placed,Not placed
Not placed,Not placed
Not placed,Not placed
Not placed,Not placed
Not placed,Not placed
Placed,Not placed
Not placed,Not placed
Not placed,Not placed
Not placed,Not placed
Not placed,Not placed
Not placed,Placed
Not placed,Not placed
Not placed,Not placed
Not placed,Not placed
Not placed,Not placed
Not placed,Not placed
Not placed,Not placed
Not placed,Not placed
Placed,Not placed
Not placed,Not placed
Not placed,Not placed
Not placed,Not placed
Not placed,Not placed
Not placed,Not placed
Not placed,Not placed
Not placed,Not placed
Not placed,Not placed
Not placed,Not placed
Not placed,Not placed
Not placed,Not placed
Not placed,Not placed
Not placed,Not placed
Placed,Not placed
Not placed,Not placed
Not placed,Not placed
Not placed,Not placed
Not placed,Not placed
Not placed,Not placed
Placed,Not placed
Placed,Not placed
Not placed,Not placed
Not placed,Not placed
Not placed,Not placed
Not placed,Not placed
Not placed,Not placed
Not placed,Not placed
Not placed,Not placed
Not placed,Not placed
Not placed,Not placed
Not placed,Not placed
Not placed,Not placed
Not placed,Not placed
Not placed,Not placed
Not placed,Not placed
Placed,Not placed
Not placed,Not placed
Not placed,Not placed
Not placed,Not placed
Not placed,Not placed
Not placed,Not placed
Not placed,Not placed
Not placed,Not placed
Not placed,Not placed
Not placed,Not placed
Placed,Not placed
Not placed,Not placed
Not placed,Not placed
Not placed,Not placed
Not placed,Not placed
Not placed,Not placed
Not placed,Not placed
Not placed,Not placed
Not placed,Not placed
Not placed,Not placed
Placed,Not placed
Not placed,Not placed
Not placed,Not placed
Not placed,Not placed
Not placed,Not placed
Not placed,Not placed
Not placed,Not placed
Not placed,Not placed
Not placed,Not placed
Not placed,Not placed
Not placed,Placed
Not placed,Not placed
Not placed,Not placed
Not placed,Not placed
Placed,Not placed
Not placed,Not placed
Not placed,Not placed
Not placed,Not placed
Not placed,Not placed
Placed,Not placed
Not placed,Not placed
Not placed,Not placed
Not placed,Not placed
Not placed,Not placed
Not placed,Not placed
Not placed,Not placed
Not placed,Not placed
Placed,Not placed
Not placed,Not placed
Not placed,Not placed
Not placed,Not placed
Not placed,Not placed
Not placed,Not placed
Not placed,Not placed
Not placed,Not placed
Not placed,Not placed
Not placed,Not placed
Not placed,Not placed
Not placed,Not placed
Not placed,Placed
Not placed,Not placed
Not placed,Not placed
Not placed,Not placed
Not placed,Not placed
Placed,Not placed
Not placed,Not placed
Not placed,Not placed
Not placed,Not placed
Not placed,Not placed
Not placed,Not placed
Not placed,Not placed
Not placed,Not placed
Not placed,Not placed
Not placed,Not placed
Not placed,Not placed
Not placed,Not placed
Not placed,Not placed
Not placed,Not placed
Not placed,Not placed
Not placed,Not placed
Not placed,Not placed
Placed,Not placed
Not placed,Not placed
Not placed,Not placed
Not placed,Not placed
Not placed,Not placed
Placed,Not placed
Not placed,Not placed
Not placed,Not placed
Placed,Placed
Not placed,Not placed
Not placed,Not placed
Not placed,Not placed
Not placed,Not placed
Not placed,Not placed
Not placed,Not placed
Not placed,Not placed
Not placed,Not placed
Not placed,Not placed
Not placed,Not placed
Not placed,Not placed
Placed,Not placed
Not placed,Not placed
Not placed,Not placed
Not placed,Not placed
Not placed,Not placed
Not placed,Not placed
Not placed,Placed
Not placed,Not placed
Not placed,Not placed
Not placed,Not placed
Not placed,Not placed
Not placed,Placed
Placed,Not placed
Not placed,Not placed
Not placed,Not placed
Not placed,Not placed
Not placed,Not placed
Placed,Not placed
Not placed,Not placed
Not placed,Not placed
Not placed,Not placed
Placed,Not placed
Not placed,Not placed
Not placed,Not placed
Not placed,Not placed
Not placed,Not placed
Placed,Not placed
Not placed,Not placed
Not placed,Not placed
Not placed,Not placed
Not placed,Not placed
Not placed,Not placed
Not placed,Not placed
Not placed,Not placed
Placed,Not placed
Not placed,Not placed
Not placed,Placed
Not placed,Not placed
Not placed,Not placed
Not placed,Not placed
Not placed,Not placed
Not placed,Not placed
Placed,Not placed
Placed,Not placed
Not placed,Not placed
Not placed,Not placed
Not placed,Not placed
Not placed,Not placed
Placed,Not placed
Not placed,Not placed
Not placed,Not placed
Placed,Not placed
Not placed,Not placed
Not placed,Not placed
Not placed,Not placed
Not placed,Not placed
Placed,Not placed
Not placed,Not placed
Not placed,Not placed
Placed,Not placed
Not placed,Placed
Not placed,Not placed
Not placed,Not placed
Not placed,Placed
Not placed,Not placed
Not placed,Not placed
Not placed,Not placed
Not placed,Not placed
Not placed,Not placed
Not placed,Not placed
Not placed,Not placed
Not placed,Not placed
Not placed,Not placed
Placed,Placed
Not placed,Not placed
Not placed,Not placed
Not placed,Not placed
Not placed,Not placed
Placed,Not placed
Not placed,Not placed
Not placed,Not placed
Not placed,Not placed
Not placed,Not placed
Not placed,Not placed
Not placed,Not placed
Not placed,Not placed
Not placed,Not placed
Not placed,Not placed
Not placed,Not placed
Not placed,Not placed
Not placed,Not placed
Placed,Not placed
Not placed,Not placed
Not placed,Not placed
Not placed,Not placed
Not placed,Not placed
Placed,Not placed
Not placed,Not placed
Not placed,Not placed
Not placed,Not placed
Not placed,Not placed
Not placed,Not placed
Not placed,Not placed
Not placed,Not placed
Not placed,Not placed
Not placed,Not placed
Placed,Not placed
Not placed,Not placed
Not placed,Not placed
Not placed,Not placed
Placed,Not placed
Not placed,Not placed
Placed,Not placed
Not placed,Not placed
Not placed,Not placed
Not placed,Not placed
Not placed,Not placed
Not placed,Not placed
Not placed,Not placed
Not placed,Not placed
Not placed,Not placed
Not placed,Not placed
Not placed,Not placed
Not placed,Not placed
Placed,Not placed
Not placed,Not placed
Not placed,Not placed
Not placed,Not placed
Not placed,Not placed
Not placed,Not placed
Not placed,Not placed
Not placed,Not placed
Not placed,Not placed
Not placed,Not placed
Not placed,Not placed
Not placed,Not placed
Not placed,Not placed
Not placed,Not placed
Not placed,Not placed
Not placed,Not placed
Not placed,Not placed
Not placed,Not placed
Not placed,Not placed
Not placed,Not placed
Not placed,Not placed
Not placed,Not placed
Not placed,Not placed
Not placed,Not placed
Not placed,Not placed
Placed,Not placed
Not placed,Not placed
Not placed,Not placed
Not placed,Not placed
Not placed,Not placed
Not placed,Not placed
Not placed,Not placed
Not placed,Not placed
Not placed,Not placed
Not placed,Not placed
Not placed,Not placed
Not placed,Not placed
Not placed,Not placed
Not placed,Not placed
Not placed,Not placed
Not placed,Not placed
Not placed,Not placed
Not placed,Not placed
Not placed,Not placed
Not placed,Not placed
Not placed,Not placed
Placed,Not placed
Not placed,Not placed
Not placed,Not placed
Not placed,Not placed
Not placed,Not placed
Not placed,Not placed
Not placed,Not placed
Not placed,Not placed
Not placed,Not placed
Not placed,Not placed
Not placed,Not placed
Not placed,Not placed
Not placed,Not placed
Not placed,Not placed
Not placed,Not placed
Not placed,Not placed
Not placed,Placed
Not placed,Not placed
Not placed,Not placed
Not placed,Not placed
Not placed,Not placed
Not placed,Not placed
Not placed,Not placed
Not placed,Not placed
Not placed,Placed
Not placed,Not placed
Placed,Not placed
Not placed,Not placed
Not placed,Not placed
Placed,Not placed
Not placed,Not placed
Placed,Not placed
Not placed,Not placed
Not placed,Not placed
Not placed,Not placed
Not placed,Not placed
Not placed,Not placed
Not placed,Not placed
Not placed,Not placed
Not placed,Not placed
Not placed,Not placed
Not placed,Not placed
Not placed,Not placed
Not placed,Not placed
Not placed,Not placed
Not placed,Not placed
Not placed,Not placed
Not placed,Not placed
Not placed,Not placed
Not placed,Placed
Not placed,Placed
Not placed,Placed
Not placed,Not placed
Not placed,Not placed
Not placed,Not placed
Not placed,Not placed
Not placed,Not placed
Not placed,Not placed
Not placed,Not placed
Not placed,Not placed
Not placed,Not placed
Not placed,Not placed
Not placed,Not placed
Not placed,Not placed
Not placed,Not placed
Not placed,Not placed
Not placed,Not placed
Not placed,Placed
Not placed,Not placed
Not placed,Not placed
Not placed,Not placed
Not placed,Not placed
Not placed,Not placed
Not placed,Not placed
Not placed,Not placed
Not placed,Not placed
Not placed,Not placed
Not placed,Not placed
Placed,Not placed
Not placed,Not placed
Not placed,Not placed
Placed,Not placed
Not placed,Not placed
Not placed,Not placed
Not placed,Not placed
Not placed,Not placed
Not placed,Not placed
Not placed,Not placed
Not placed,Not placed
Not placed,Not placed
Not placed,Not placed
Not placed,Not placed
Not placed,Not placed
Not placed,Not placed
Not placed,Not placed
Not placed,Not placed
Not placed,Placed
Not placed,Not placed
Not placed,Not placed
Not placed,Not placed
Not placed,Not placed
Not placed,Not placed
Not placed,Not placed
Not placed,Not placed
Not placed,Not placed
Not placed,Not placed
Not placed,Not placed
Not placed,Not placed
Not placed,Not placed
Not placed,Not placed
Not placed,Not placed
Not placed,Not placed
Placed,Not placed
Not placed,Not placed
Not placed,Not placed
Not placed,Not placed
Placed,Not placed
Not placed,Not placed
Not placed,Not placed
Not placed,Placed
Not placed,Not placed
Not placed,Not placed
Not placed,Not placed
Not placed,Not placed
Not placed,Not placed
Not placed,Not placed
Not placed,Not placed
Not placed,Not placed
Placed,Not placed
Not placed,Not placed
Not placed,Not placed
Not placed,Not placed
Not placed,Not placed
Not placed,Not placed
Not placed,Not placed
Not placed,Not placed
Not placed,Not placed
Not placed,Not placed
Not placed,Not placed
Not placed,Not placed
Not placed,Not placed
Not placed,Not placed
Not placed,Not placed
Not placed,Not placed
Not placed,Not placed
Not placed,Not placed
Not placed,Not placed
Not placed,Not placed
Not placed,Placed
Placed,Not placed
Not placed,Placed
Not placed,Not placed
Not placed,Not placed
Placed,Placed
Not placed,Not placed
Not placed,Not placed
Not placed,Not placed
Not placed,Not placed
Not placed,Not placed
Not placed,Not placed
Not placed,Not placed
Not placed,Not placed
Not placed,Not placed
Not placed,Not placed
Not placed,Not placed
Placed,Not placed
Not placed,Not placed
Placed,Not placed
Placed,Not placed
Not placed,Not placed
Not placed,Not placed
Not placed,Not placed
Not placed,Not placed
Not placed,Not placed
Not placed,Not placed
Not placed,Not placed
Placed,Not placed
Not placed,Not placed
Not placed,Not placed
Not placed,Not placed
Not placed,Not placed
Not placed,Not placed
Not placed,Not placed
Not placed,Not placed
Not placed,Placed
Not placed,Not placed
Not placed,Not placed
Not placed,Not placed
Placed,Not placed
Placed,Not placed
Not placed,Not placed
Not placed,Not placed
Not placed,Not placed
Not placed,Not placed
Not placed,Not placed
Not placed,Not placed
Not placed,Not placed
Not placed,Not placed
Not placed,Not placed
Not placed,Not placed
Not placed,Not placed
Not placed,Not placed
Not placed,Not placed
Not placed,Not placed
Not placed,Not placed
Not placed,Not placed
Not placed,Not placed
Not placed,Not placed
Not placed,Not placed
Not placed,Not placed
Not placed,Not placed
Not placed,Placed
Not placed,Not placed
Not placed,Not placed
Not placed,Not placed
Not placed,Not placed
Not placed,Not placed
Not placed,Not placed
Not placed,Not placed
Not placed,Not placed
Not placed,Not placed
Not placed,Not placed
Placed,Not placed
Not placed,Not placed
Not placed,Not placed
Not placed,Not placed
Not placed,Not placed
Not placed,Not placed
Not placed,Not placed
Not placed,Not placed
Not placed,Not placed
Not placed,Not placed
Not placed,Not placed
Not placed,Not placed
Not placed,Not placed
Not placed,Not placed
Not placed,Not placed
Not placed,Not placed
Not placed,Not placed
Not placed,Not placed
Not placed,Not placed
Not placed,Not placed
Not placed,Not placed
Not placed,Not placed
Not placed,Not placed
Not placed,Not placed
Placed,Not placed
Not placed,Not placed
Not placed,Not placed
Not placed,Not placed
Not placed,Not placed
Not placed,Not placed
Not placed,Not placed
Not placed,Not placed
Not placed,Not placed
Not placed,Not placed
Not placed,Not placed
Not placed,Not placed
Not placed,Not placed
Not placed,Not placed
Not placed,Not placed
Not placed,Not placed
Not placed,Not placed
Not placed,Not placed
Not placed,Not placed
Not placed,Not placed
Not placed,Not placed
Not placed,Not placed
Not placed,Not placed
Not placed,Not placed
Not placed,Not placed
Not placed,Not placed
Not placed,Not placed
Not placed,Not placed
Not placed,Not placed
Not placed,Not placed
Not placed,Not placed
Not placed,Not placed
Not placed,Not placed
Not placed,Not placed
Not placed,Not placed
Not placed,Not placed
Placed,Not placed
Not placed,Not placed
Not placed,Not placed
Not placed,Not placed
Not placed,Not placed
Not placed,Not placed
Not placed,Not placed
Not placed,Not placed
Placed,Not placed
Not placed,Not placed
Not placed,Not placed
Not placed,Not placed
Not placed,Not placed
Not placed,Not placed
Not placed,Not placed
Not placed,Not placed
Not placed,Not placed
Not placed,Not placed
Not placed,Not placed
Not placed,Not placed
Not placed,Placed
Not placed,Not placed
Not placed,Not placed
Not placed,Not placed
Placed,Not placed
Not placed,Not placed
Placed,Not placed
Placed,Not placed
Not placed,Not placed
Not placed,Not placed
Not placed,Not placed
Not placed,Not placed
Not placed,Not placed
Not placed,Not placed
Not placed,Not placed
Not placed,Not placed
Not placed,Not placed
Not placed,Not placed
Not placed,Not placed
Not placed,Not placed
Not placed,Not placed
Not placed,Not placed
Not placed,Not placed
Not placed,Not placed
